HLA-A	2	HLA-A*02:01:01	90.834386	35	HLA-A*03:01:01	72.496481	25	HLA-A*03:279N;16.559770;1
HLA-B	2	HLA-B*18:01:01	114.576970	56	HLA-B*07:02:01	34.266657	8	HLA-B*35:14:01;18.845031;2
HLA-C	2	HLA-C*07:02:01	54.356918	20	HLA-C*12:03:01	68.616729	28	HLA-C*03:04:01;13.997747;1
HLA-DMA	2	HLA-DMA*01:01:01	216.249534	60	HLA-DMA*01:02	34.706993	18	
HLA-DMB	2	HLA-DMB*01:01:01	142.526788	60	HLA-DMB*01:03:01	107.035931	60	
HLA-DOA	2	HLA-DOA*01:01:02	220.289957	60	HLA-DOA*01:01:01	78.923846	49	
HLA-DOB	1	HLA-DOB*01:01:01	124.220533	60	.	0	-1	
HLA-DPA1	2	HLA-DPA1*01:03:01	208.965772	60	HLA-DPA1*02:01:01	41.412145	22	HLA-DPA1*02:01:08;34.224912;17
HLA-DPA2	2	HLA-DPA2*01:01:01,HLA-DPA2*02:01	6.726265	6	HLA-DPA2*01:01:02	4.679141	4	
HLA-DPB1	2	HLA-DPB1*02:01:02	175.777378	60	HLA-DPB1*04:01:01	87.219115	56	
HLA-DPB2	2	HLA-DPB2*03:01:01	135.563357	60	HLA-DPB2*01:01:02	83.444559	55	
HLA-DQA1	2	HLA-DQA1*01:02:01	65.310935	36	HLA-DQA1*05:01:01	23.144602	8	HLA-DQA1*01:04:01;9.841635;2
HLA-DQA2	2	HLA-DQA2*01:01:01	83.430676	50	HLA-DQA2*01:01:02	53.167139	28	HLA-DQA2*01:01:03;15.521498;4
HLA-DQB1	2	HLA-DQB1*06:02:01	40.392388	23	HLA-DQB1*02:02:01	30.611332	16	HLA-DQB1*05:01:01;11.879428;4
HLA-DRA	2	HLA-DRA*01:02:02	87.474477	60	HLA-DRA*01:01:01	87.664526	60	HLA-DRA*01:02:03;25.602303;13
HLA-DRB1	2	HLA-DRB1*16:01:01	66.104918	37	HLA-DRB1*03:01:01	26.937650	11	HLA-DRB1*13:02:01;11.435380;2
HLA-DRB3	2	HLA-DRB3*02:02:01	29.808202	14	HLA-DRB3*01:01:02	21.084577	9	HLA-DRB3*03:01:01;13.225475;4
HLA-DRB4	2	HLA-DRB4*01:01:01	31.440078	16	HLA-DRB4*01:03:01	9.477688	3	
HLA-DRB5	2	HLA-DRB5*01:01:01	45.735985	26	HLA-DRB5*02:02:01	39.156122	21	
HLA-E	2	HLA-E*01:01:01	231.733030	60	HLA-E*01:03:02	140.288461	60	
HLA-F	2	HLA-F*01:01:01	309.374069	60	HLA-F*01:03:01	78.733848	37	
HLA-G	2	HLA-G*01:01:01	246.332712	60	HLA-G*01:01:02	137.647646	60	
HLA-H	2	HLA-H*01:01:01	114.489847	50	HLA-H*02:04:01	85.035872	32	HLA-H*02:09;19.699249;1
HLA-HFE	2	HLA-HFE*001:01:02	138.087072	60	HLA-HFE*001:01:03	54.209963	32	HLA-HFE*001:01:01;58.273459;35
HLA-J	1	HLA-J*01:01:01	392.962244	60	.	0	-1	
HLA-K	2	HLA-K*01:02	79.391772	40	HLA-K*01:01:01	92.492236	49	HLA-K*01:03;18.895572;4
HLA-L	2	HLA-L*01:01:01	210.452413	60	HLA-L*01:02	62.950820	31	
MICA	2	MICA*008:04:05	86.968292	49	MICA*018:01:01	60.988827	31	MICA*004:01:01;14.894329;3
MICB	2	MICB*004:01:01	91.929656	52	MICB*002:01:28	19.380903	5	MICB*003:01:01;15.507084;3
HLA-S	2	HLA-S*01:02:01	153.479948	60	HLA-S*01:01:01	45.456483	27	
HLA-T	2	HLA-T*01:01:01	66.735281	50	HLA-T*03:01	27.169505	17	HLA-T*02:01:01;11.673810;6
TAP1	1	TAP1*01:01:01	236.502379	60	.	0	-1	
TAP2	2	TAP2*01:01:03	155.726028	60	TAP2*02:01:02	52.532254	32	
HLA-V	1	HLA-V*01:01:01	312.179549	60	.	0	-1	
HLA-W	2	HLA-W*01:01:01	41.007139	28	HLA-W*02:01	9.877914	5	HLA-W*03:01:01;30.265315;19
HLA-Y	1	HLA-Y*02:01	52.516308	15	.	0	-1	
